a_fit1,b_fit1
0.8610349813932145,17.411970437915127
