a_fit2,b_fit2
0.9439202841967687,9.530056728080226
