a_fit_highz,b_fit_highz,H0_fitted,fixed_q0,fixed_j0
6.732472687730994,1.9093652270894186,76.0415290914127,-0.55,1.0
