mean_pull,std_pull
-0.03659181293070281,0.9689279446605198
