a_fit,b_fit
0.9701399246012216,3.139368262966728
