a_fit,b_fit
0.20155064127413114,0.051603318789362716
