percentage,complement_percentage
74.55172413793103,25.448275862068968
