a,b,c,mean_r,mean_s,mean_i,sigma1,sigma2,sigma3
1.17733397,-0.79312305,-0.20643811902868014,0.16471564,2.10226727,2.65269924,0.05916213,0.39165724,0.25991061
